model,threshold,accuracy,precision,recall,f1,f2,mcc,auc_roc,auc_pr,TP,FP,TN,FN,run_id,cut_year,apply_smote,smote_strategy,rf_n_estimators,rf_max_depth,rf_min_samples_leaf,xgb_n_estimators,xgb_max_depth,xgb_learning_rate,xgb_subsample,ada_n_estimators,ada_learning_rate,rus_n_estimators,rus_learning_rate,logit_C,logit_penalty
AdaBoost,0.3,0.9181184668989547,0.9598130841121495,0.9526901669758813,0.9562383612662942,0.9541062801932367,0.32177720798396325,0.7057050092764379,0.9646816323250359,1027,43,27,51,run000,2010,True,0.3,200,10,2,100,6,0.1,0.8,100,0.1,100,0.1,1.0,l2
Baseline_Majority,0.5,0.9390243902439024,0.9390243902439024,1.0,0.9685534591194969,0.9871794871794872,0.0,0.5,0.9390243902439024,1078,70,0,0,run001,2010,True,0.3,200,10,2,100,6,0.1,0.8,100,0.1,100,0.1,1.0,l2
Baseline_PriorRate,0.3,0.9390243902439024,0.9390243902439024,1.0,0.9685534591194969,0.9871794871794872,0.0,0.5,0.9390243902439024,1078,70,0,0,run000,2010,True,0.3,200,10,2,100,6,0.1,0.8,100,0.1,100,0.1,1.0,l2
Logit,0.3,0.9398954703832753,0.9406113537117904,0.9990723562152134,0.9689608636977058,0.9868059373282023,0.12956644203264986,0.7302676914921813,0.9715376139105933,1077,68,2,1,run000,2010,True,0.3,200,10,2,100,6,0.1,0.8,100,0.1,100,0.1,1.0,l2
RUSBoost,0.3,0.9303135888501742,0.9503610108303249,0.9768089053803339,0.9634034766697164,0.9714022140221402,0.24934862866834048,0.685164325470448,0.9623796729759913,1053,55,15,25,run000,2010,True,0.3,200,10,2,100,6,0.1,0.8,100,0.1,100,0.1,1.0,l2
RandomForest,0.5,0.9477351916376306,0.9552772808586762,0.9907235621521335,0.9726775956284153,0.9834254143646409,0.41464303484738657,0.7191492181288099,0.964632446880328,1068,50,20,10,run001,2010,True,0.3,200,10,2,100,6,0.1,0.8,100,0.1,100,0.1,1.0,l2
XGBoost,0.3,0.9407665505226481,0.954954954954955,0.9833024118738405,0.9689213893967094,0.9774990778310586,0.359819213372454,0.6615690432016963,0.95540023024329,1060,50,20,18,run000,2010,True,0.3,200,10,2,100,6,0.1,0.8,100,0.1,100,0.1,1.0,l2
